{
  "umidade": {
    "mae": 13.62571604385034,
    "mse": 298.6369627810455,
    "rmse": 17.28111578518718,
    "r2": -0.16268833056536214
  },
  "ph": {
    "mae": 0.33567893740850535,
    "mse": 0.12688035063966066,
    "rmse": 0.35620268196584465,
    "r2": -6.209110831798882
  },
  "irrigacao": {
    "mae": 0.05800000000000001,
    "mse": 0.0037400000000000003,
    "rmse": 0.06115553940568262,
    "r2": 0.9844166666666667
  }
}